-- =============================================
-- DAYFLOW HRMS - SAMPLE DATA
-- =============================================
-- This file contains realistic sample data for development and testing
-- Generated: January 3, 2026
-- 
-- IMPORTANT NOTES:
-- 1. All password hashes are examples - regenerate with actual bcrypt hashing
-- 2. Dates are set to realistic values for testing
-- 3. This data is meant for LOCAL DEVELOPMENT only
-- 4. DO NOT use in production without proper security review
-- =============================================

USE hrms_db;

-- =============================================
-- USERS TABLE - SAMPLE DATA
-- =============================================
-- Admin User
-- Email: admin@dayflow.com
-- Password: Password@123 (bcrypt hash - verified working)
INSERT INTO users (id, email, password_hash, role, is_active, is_first_login, last_login, created_at, updated_at)
VALUES 
('550e8400-e29b-41d4-a716-446655440001', 'admin@dayflow.com', '$2a$10$LWwPGY4km2l6Z/0B8JSsTurDj26dmGB8FE0N5iu1mF7AmyRI22RFG', 'admin', TRUE, FALSE, '2026-01-03 10:30:00', '2025-12-01 08:00:00', '2026-01-03 10:30:00');

-- Employee Users
INSERT INTO users (id, email, password_hash, role, is_active, is_first_login, last_login, created_at, updated_at)
VALUES 
('550e8400-e29b-41d4-a716-446655440002', 'john.doe@dayflow.com', '$2a$10$LWwPGY4km2l6Z/0B8JSsTurDj26dmGB8FE0N5iu1mF7AmyRI22RFG', 'employee', TRUE, FALSE, '2026-01-03 09:15:00', '2025-11-15 07:30:00', '2026-01-03 09:15:00'),
('550e8400-e29b-41d4-a716-446655440003', 'jane.smith@dayflow.com', '$2a$10$LWwPGY4km2l6Z/0B8JSsTurDj26dmGB8FE0N5iu1mF7AmyRI22RFG', 'employee', TRUE, FALSE, '2026-01-02 14:45:00', '2025-10-20 09:00:00', '2026-01-02 14:45:00'),
('550e8400-e29b-41d4-a716-446655440004', 'michael.johnson@dayflow.com', '$2a$10$LWwPGY4km2l6Z/0B8JSsTurDj26dmGB8FE0N5iu1mF7AmyRI22RFG', 'employee', TRUE, TRUE, NULL, '2025-12-28 10:00:00', '2025-12-28 10:00:00'),
('550e8400-e29b-41d4-a716-446655440005', 'sarah.williams@dayflow.com', '$2a$10$LWwPGY4km2l6Z/0B8JSsTurDj26dmGB8FE0N5iu1mF7AmyRI22RFG', 'employee', TRUE, FALSE, '2026-01-01 08:00:00', '2025-09-10 11:30:00', '2026-01-01 08:00:00'),
('550e8400-e29b-41d4-a716-446655440006', 'robert.brown@dayflow.com', '$2a$10$LWwPGY4km2l6Z/0B8JSsTurDj26dmGB8FE0N5iu1mF7AmyRI22RFG', 'employee', TRUE, FALSE, '2025-12-31 17:30:00', '2025-08-05 09:45:00', '2025-12-31 17:30:00'),
('550e8400-e29b-41d4-a716-446655440007', 'emily.davis@dayflow.com', '$2a$10$LWwPGY4km2l6Z/0B8JSsTurDj26dmGB8FE0N5iu1mF7AmyRI22RFG', 'employee', TRUE, FALSE, '2026-01-02 10:20:00', '2025-07-12 08:15:00', '2026-01-02 10:20:00');

-- =============================================
-- DEPARTMENTS TABLE - SAMPLE DATA
-- =============================================
INSERT INTO departments (id, name, description, head_id, is_active, created_at, updated_at)
VALUES 
('660e8400-e29b-41d4-a716-446655440001', 'Engineering', 'Software Development and Infrastructure', NULL, TRUE, '2025-06-01 08:00:00', '2025-06-01 08:00:00'),
('660e8400-e29b-41d4-a716-446655440002', 'Human Resources', 'HR and People Management', NULL, TRUE, '2025-06-01 08:00:00', '2025-06-01 08:00:00'),
('660e8400-e29b-41d4-a716-446655440003', 'Finance', 'Finance and Accounting', NULL, TRUE, '2025-06-01 08:00:00', '2025-06-01 08:00:00'),
('660e8400-e29b-41d4-a716-446655440004', 'Sales', 'Sales and Business Development', NULL, TRUE, '2025-06-01 08:00:00', '2025-06-01 08:00:00'),
('660e8400-e29b-41d4-a716-446655440005', 'Marketing', 'Marketing and Communications', NULL, TRUE, '2025-06-01 08:00:00', '2025-06-01 08:00:00');

-- =============================================
-- DESIGNATIONS TABLE - SAMPLE DATA
-- =============================================
INSERT INTO designations (id, name, description, department_id, level, is_active, created_at, updated_at)
VALUES 
('770e8400-e29b-41d4-a716-446655440001', 'Senior Software Engineer', 'Senior development role', '660e8400-e29b-41d4-a716-446655440001', 4, TRUE, '2025-06-01 08:00:00', '2025-06-01 08:00:00'),
('770e8400-e29b-41d4-a716-446655440002', 'Software Engineer', 'Mid-level development role', '660e8400-e29b-41d4-a716-446655440001', 3, TRUE, '2025-06-01 08:00:00', '2025-06-01 08:00:00'),
('770e8400-e29b-41d4-a716-446655440003', 'Junior Software Engineer', 'Entry-level development role', '660e8400-e29b-41d4-a716-446655440001', 2, TRUE, '2025-06-01 08:00:00', '2025-06-01 08:00:00'),
('770e8400-e29b-41d4-a716-446655440004', 'HR Manager', 'HR management role', '660e8400-e29b-41d4-a716-446655440002', 3, TRUE, '2025-06-01 08:00:00', '2025-06-01 08:00:00'),
('770e8400-e29b-41d4-a716-446655440005', 'HR Executive', 'HR operations role', '660e8400-e29b-41d4-a716-446655440002', 2, TRUE, '2025-06-01 08:00:00', '2025-06-01 08:00:00'),
('770e8400-e29b-41d4-a716-446655440006', 'Financial Analyst', 'Finance analysis role', '660e8400-e29b-41d4-a716-446655440003', 2, TRUE, '2025-06-01 08:00:00', '2025-06-01 08:00:00'),
('770e8400-e29b-41d4-a716-446655440007', 'Sales Executive', 'Sales role', '660e8400-e29b-41d4-a716-446655440004', 2, TRUE, '2025-06-01 08:00:00', '2025-06-01 08:00:00'),
('770e8400-e29b-41d4-a716-446655440008', 'Marketing Manager', 'Marketing management role', '660e8400-e29b-41d4-a716-446655440005', 3, TRUE, '2025-06-01 08:00:00', '2025-06-01 08:00:00');

-- =============================================
-- EMPLOYEES TABLE - SAMPLE DATA
-- =============================================
INSERT INTO employees (id, user_id, employee_code, first_name, last_name, phone, department, designation, date_of_joining, profile_picture, is_active, created_at, updated_at)
VALUES 
('880e8400-e29b-41d4-a716-446655440001', '550e8400-e29b-41d4-a716-446655440001', 'ADM001', 'Admin', 'User', '+91-9876543210', 'Human Resources', 'HR Manager', '2024-01-15', NULL, TRUE, '2025-12-01 08:00:00', '2025-12-01 08:00:00'),
('880e8400-e29b-41d4-a716-446655440002', '550e8400-e29b-41d4-a716-446655440002', 'EMP001', 'John', 'Doe', '+91-9876543211', 'Engineering', 'Senior Software Engineer', '2023-05-10', NULL, TRUE, '2025-11-15 07:30:00', '2025-11-15 07:30:00'),
('880e8400-e29b-41d4-a716-446655440003', '550e8400-e29b-41d4-a716-446655440003', 'EMP002', 'Jane', 'Smith', '+91-9876543212', 'Engineering', 'Software Engineer', '2023-08-20', NULL, TRUE, '2025-10-20 09:00:00', '2025-10-20 09:00:00'),
('880e8400-e29b-41d4-a716-446655440004', '550e8400-e29b-41d4-a716-446655440004', 'EMP003', 'Michael', 'Johnson', '+91-9876543213', 'Engineering', 'Junior Software Engineer', '2024-09-15', NULL, TRUE, '2025-12-28 10:00:00', '2025-12-28 10:00:00'),
('880e8400-e29b-41d4-a716-446655440005', '550e8400-e29b-41d4-a716-446655440005', 'EMP004', 'Sarah', 'Williams', '+91-9876543214', 'Finance', 'Financial Analyst', '2024-03-01', NULL, TRUE, '2025-09-10 11:30:00', '2025-09-10 11:30:00'),
('880e8400-e29b-41d4-a716-446655440006', '550e8400-e29b-41d4-a716-446655440006', 'EMP005', 'Robert', 'Brown', '+91-9876543215', 'Sales', 'Sales Executive', '2023-12-01', NULL, TRUE, '2025-08-05 09:45:00', '2025-08-05 09:45:00'),
('880e8400-e29b-41d4-a716-446655440007', '550e8400-e29b-41d4-a716-446655440007', 'EMP006', 'Emily', 'Davis', '+91-9876543216', 'Marketing', 'Marketing Manager', '2024-01-20', NULL, TRUE, '2025-07-12 08:15:00', '2025-07-12 08:15:00');

-- =============================================
-- EMPLOYEE ADDRESSES TABLE - SAMPLE DATA
-- =============================================
INSERT INTO employee_addresses (id, employee_id, street, city, state, zip_code, country, created_at, updated_at)
VALUES 
('990e8400-e29b-41d4-a716-446655440001', '880e8400-e29b-41d4-a716-446655440002', '123 Tech Park Avenue, Apt 5B', 'Bangalore', 'Karnataka', '560001', 'India', '2025-11-15 07:30:00', '2025-11-15 07:30:00'),
('990e8400-e29b-41d4-a716-446655440002', '880e8400-e29b-41d4-a716-446655440003', '456 Silicon Valley Road', 'Bangalore', 'Karnataka', '560102', 'India', '2025-10-20 09:00:00', '2025-10-20 09:00:00'),
('990e8400-e29b-41d4-a716-446655440003', '880e8400-e29b-41d4-a716-446655440004', '789 Innovation Drive', 'Hyderabad', 'Telangana', '500081', 'India', '2025-12-28 10:00:00', '2025-12-28 10:00:00'),
('990e8400-e29b-41d4-a716-446655440004', '880e8400-e29b-41d4-a716-446655440005', '321 Finance Square', 'Mumbai', 'Maharashtra', '400001', 'India', '2025-09-10 11:30:00', '2025-09-10 11:30:00'),
('990e8400-e29b-41d4-a716-446655440005', '880e8400-e29b-41d4-a716-446655440006', '654 Business Hub', 'Delhi', 'Delhi', '110001', 'India', '2025-08-05 09:45:00', '2025-08-05 09:45:00'),
('990e8400-e29b-41d4-a716-446655440006', '880e8400-e29b-41d4-a716-446655440007', '987 Marketing Lane', 'Bangalore', 'Karnataka', '560034', 'India', '2025-07-12 08:15:00', '2025-07-12 08:15:00');

-- =============================================
-- EMERGENCY CONTACTS TABLE - SAMPLE DATA
-- =============================================
INSERT INTO emergency_contacts (id, employee_id, name, relationship, phone, created_at, updated_at)
VALUES 
('aa0e8400-e29b-41d4-a716-446655440001', '880e8400-e29b-41d4-a716-446655440002', 'Mary Doe', 'Spouse', '+91-9876543220', '2025-11-15 07:30:00', '2025-11-15 07:30:00'),
('aa0e8400-e29b-41d4-a716-446655440002', '880e8400-e29b-41d4-a716-446655440003', 'Tom Smith', 'Father', '+91-9876543221', '2025-10-20 09:00:00', '2025-10-20 09:00:00'),
('aa0e8400-e29b-41d4-a716-446655440003', '880e8400-e29b-41d4-a716-446655440004', 'Lisa Johnson', 'Mother', '+91-9876543222', '2025-12-28 10:00:00', '2025-12-28 10:00:00'),
('aa0e8400-e29b-41d4-a716-446655440004', '880e8400-e29b-41d4-a716-446655440005', 'David Williams', 'Brother', '+91-9876543223', '2025-09-10 11:30:00', '2025-09-10 11:30:00'),
('aa0e8400-e29b-41d4-a716-446655440005', '880e8400-e29b-41d4-a716-446655440006', 'Jennifer Brown', 'Sister', '+91-9876543224', '2025-08-05 09:45:00', '2025-08-05 09:45:00'),
('aa0e8400-e29b-41d4-a716-446655440006', '880e8400-e29b-41d4-a716-446655440007', 'Mark Davis', 'Husband', '+91-9876543225', '2025-07-12 08:15:00', '2025-07-12 08:15:00');

-- =============================================
-- LEAVE BALANCES TABLE - SAMPLE DATA
-- =============================================
INSERT INTO leave_balances (id, employee_id, leave_type, total_allocated, used, remaining, year, created_at, updated_at)
VALUES 
-- 2025 Leave Balances
('bb0e8400-e29b-41d4-a716-446655440001', '880e8400-e29b-41d4-a716-446655440002', 'paid', 20, 5, 15, 2025, '2025-01-01 08:00:00', '2025-12-28 10:00:00'),
('bb0e8400-e29b-41d4-a716-446655440002', '880e8400-e29b-41d4-a716-446655440002', 'sick', 10, 2, 8, 2025, '2025-01-01 08:00:00', '2025-12-28 10:00:00'),
('bb0e8400-e29b-41d4-a716-446655440003', '880e8400-e29b-41d4-a716-446655440003', 'paid', 20, 8, 12, 2025, '2025-01-01 08:00:00', '2025-12-28 10:00:00'),
('bb0e8400-e29b-41d4-a716-446655440004', '880e8400-e29b-41d4-a716-446655440003', 'sick', 10, 1, 9, 2025, '2025-01-01 08:00:00', '2025-12-28 10:00:00'),
('bb0e8400-e29b-41d4-a716-446655440005', '880e8400-e29b-41d4-a716-446655440004', 'paid', 20, 0, 20, 2025, '2025-01-01 08:00:00', '2025-12-28 10:00:00'),
('bb0e8400-e29b-41d4-a716-446655440006', '880e8400-e29b-41d4-a716-446655440004', 'sick', 10, 0, 10, 2025, '2025-01-01 08:00:00', '2025-12-28 10:00:00'),
('bb0e8400-e29b-41d4-a716-446655440007', '880e8400-e29b-41d4-a716-446655440005', 'paid', 20, 3, 17, 2025, '2025-01-01 08:00:00', '2025-12-28 10:00:00'),
('bb0e8400-e29b-41d4-a716-446655440008', '880e8400-e29b-41d4-a716-446655440005', 'sick', 10, 0, 10, 2025, '2025-01-01 08:00:00', '2025-12-28 10:00:00'),
('bb0e8400-e29b-41d4-a716-446655440009', '880e8400-e29b-41d4-a716-446655440006', 'paid', 20, 10, 10, 2025, '2025-01-01 08:00:00', '2025-12-28 10:00:00'),
('bb0e8400-e29b-41d4-a716-446655440010', '880e8400-e29b-41d4-a716-446655440006', 'sick', 10, 3, 7, 2025, '2025-01-01 08:00:00', '2025-12-28 10:00:00'),
('bb0e8400-e29b-41d4-a716-446655440011', '880e8400-e29b-41d4-a716-446655440007', 'paid', 20, 2, 18, 2025, '2025-01-01 08:00:00', '2025-12-28 10:00:00'),
('bb0e8400-e29b-41d4-a716-446655440012', '880e8400-e29b-41d4-a716-446655440007', 'sick', 10, 0, 10, 2025, '2025-01-01 08:00:00', '2025-12-28 10:00:00'),

-- 2026 Leave Balances
('bb0e8400-e29b-41d4-a716-446655440013', '880e8400-e29b-41d4-a716-446655440002', 'paid', 20, 0, 20, 2026, '2026-01-01 08:00:00', '2026-01-01 08:00:00'),
('bb0e8400-e29b-41d4-a716-446655440014', '880e8400-e29b-41d4-a716-446655440002', 'sick', 10, 0, 10, 2026, '2026-01-01 08:00:00', '2026-01-01 08:00:00'),
('bb0e8400-e29b-41d4-a716-446655440015', '880e8400-e29b-41d4-a716-446655440003', 'paid', 20, 0, 20, 2026, '2026-01-01 08:00:00', '2026-01-01 08:00:00'),
('bb0e8400-e29b-41d4-a716-446655440016', '880e8400-e29b-41d4-a716-446655440003', 'sick', 10, 0, 10, 2026, '2026-01-01 08:00:00', '2026-01-01 08:00:00'),
('bb0e8400-e29b-41d4-a716-446655440017', '880e8400-e29b-41d4-a716-446655440004', 'paid', 20, 0, 20, 2026, '2026-01-01 08:00:00', '2026-01-01 08:00:00'),
('bb0e8400-e29b-41d4-a716-446655440018', '880e8400-e29b-41d4-a716-446655440004', 'sick', 10, 0, 10, 2026, '2026-01-01 08:00:00', '2026-01-01 08:00:00'),
('bb0e8400-e29b-41d4-a716-446655440019', '880e8400-e29b-41d4-a716-446655440005', 'paid', 20, 0, 20, 2026, '2026-01-01 08:00:00', '2026-01-01 08:00:00'),
('bb0e8400-e29b-41d4-a716-446655440020', '880e8400-e29b-41d4-a716-446655440005', 'sick', 10, 0, 10, 2026, '2026-01-01 08:00:00', '2026-01-01 08:00:00'),
('bb0e8400-e29b-41d4-a716-446655440021', '880e8400-e29b-41d4-a716-446655440006', 'paid', 20, 0, 20, 2026, '2026-01-01 08:00:00', '2026-01-01 08:00:00'),
('bb0e8400-e29b-41d4-a716-446655440022', '880e8400-e29b-41d4-a716-446655440006', 'sick', 10, 0, 10, 2026, '2026-01-01 08:00:00', '2026-01-01 08:00:00'),
('bb0e8400-e29b-41d4-a716-446655440023', '880e8400-e29b-41d4-a716-446655440007', 'paid', 20, 0, 20, 2026, '2026-01-01 08:00:00', '2026-01-01 08:00:00'),
('bb0e8400-e29b-41d4-a716-446655440024', '880e8400-e29b-41d4-a716-446655440007', 'sick', 10, 0, 10, 2026, '2026-01-01 08:00:00', '2026-01-01 08:00:00');

-- =============================================
-- ATTENDANCE TABLE - SAMPLE DATA
-- =============================================
INSERT INTO attendance (id, employee_id, attendance_date, check_in_time, check_out_time, work_hours, extra_hours, status, remarks, created_at, updated_at)
VALUES 
-- John Doe - January 2026
('cc0e8400-e29b-41d4-a716-446655440001', '880e8400-e29b-41d4-a716-446655440002', '2026-01-01', '09:15:00', '17:45:00', 8.5, 0.5, 'present', 'Normal day', '2026-01-01 17:50:00', '2026-01-01 17:50:00'),
('cc0e8400-e29b-41d4-a716-446655440002', '880e8400-e29b-41d4-a716-446655440002', '2026-01-02', '09:00:00', '17:30:00', 8.5, 0.5, 'present', 'Normal day', '2026-01-02 17:35:00', '2026-01-02 17:35:00'),
('cc0e8400-e29b-41d4-a716-446655440003', '880e8400-e29b-41d4-a716-446655440002', '2026-01-03', '09:10:00', '17:40:00', 8.5, 0.5, 'present', 'Normal day', '2026-01-03 17:45:00', '2026-01-03 17:45:00'),

-- Jane Smith - January 2026
('cc0e8400-e29b-41d4-a716-446655440004', '880e8400-e29b-41d4-a716-446655440003', '2026-01-01', '09:20:00', '17:50:00', 8.5, 0.5, 'present', 'Normal day', '2026-01-01 17:55:00', '2026-01-01 17:55:00'),
('cc0e8400-e29b-41d4-a716-446655440005', '880e8400-e29b-41d4-a716-446655440003', '2026-01-02', '08:55:00', '17:25:00', 8.5, 0.5, 'present', 'Normal day', '2026-01-02 17:30:00', '2026-01-02 17:30:00'),
('cc0e8400-e29b-41d4-a716-446655440006', '880e8400-e29b-41d4-a716-446655440003', '2026-01-03', '09:30:00', '14:00:00', 4.5, 0, 'half_day', 'Doctor appointment', '2026-01-03 14:05:00', '2026-01-03 14:05:00'),

-- Michael Johnson - January 2026 (New employee)
('cc0e8400-e29b-41d4-a716-446655440007', '880e8400-e29b-41d4-a716-446655440004', '2026-01-01', NULL, NULL, NULL, NULL, 'absent', 'Joining today', '2026-01-02 08:00:00', '2026-01-02 08:00:00'),

-- Sarah Williams - January 2026
('cc0e8400-e29b-41d4-a716-446655440008', '880e8400-e29b-41d4-a716-446655440005', '2026-01-01', '09:05:00', '17:35:00', 8.5, 0.5, 'present', 'Normal day', '2026-01-01 17:40:00', '2026-01-01 17:40:00'),
('cc0e8400-e29b-41d4-a716-446655440009', '880e8400-e29b-41d4-a716-446655440005', '2026-01-02', '09:00:00', '17:30:00', 8.5, 0.5, 'present', 'Normal day', '2026-01-02 17:35:00', '2026-01-02 17:35:00'),
('cc0e8400-e29b-41d4-a716-446655440010', '880e8400-e29b-41d4-a716-446655440005', '2026-01-03', NULL, NULL, NULL, NULL, 'leave', 'Paid leave approved', '2026-01-03 08:00:00', '2026-01-03 08:00:00'),

-- Robert Brown - January 2026
('cc0e8400-e29b-41d4-a716-446655440011', '880e8400-e29b-41d4-a716-446655440006', '2026-01-01', '09:30:00', '18:00:00', 8.5, 0.5, 'present', 'Normal day', '2026-01-01 18:05:00', '2026-01-01 18:05:00'),
('cc0e8400-e29b-41d4-a716-446655440012', '880e8400-e29b-41d4-a716-446655440006', '2026-01-02', NULL, NULL, NULL, NULL, 'absent', 'No check-in', '2026-01-02 18:00:00', '2026-01-02 18:00:00'),
('cc0e8400-e29b-41d4-a716-446655440013', '880e8400-e29b-41d4-a716-446655440006', '2026-01-03', '09:15:00', '17:45:00', 8.5, 0.5, 'present', 'Normal day', '2026-01-03 17:50:00', '2026-01-03 17:50:00'),

-- Emily Davis - January 2026
('cc0e8400-e29b-41d4-a716-446655440014', '880e8400-e29b-41d4-a716-446655440007', '2026-01-01', '09:00:00', '17:30:00', 8.5, 0.5, 'present', 'Normal day', '2026-01-01 17:35:00', '2026-01-01 17:35:00'),
('cc0e8400-e29b-41d4-a716-446655440015', '880e8400-e29b-41d4-a716-446655440007', '2026-01-02', '09:10:00', '17:40:00', 8.5, 0.5, 'present', 'Normal day', '2026-01-02 17:45:00', '2026-01-02 17:45:00'),
('cc0e8400-e29b-41d4-a716-446655440016', '880e8400-e29b-41d4-a716-446655440007', '2026-01-03', '09:05:00', '17:35:00', 8.5, 0.5, 'present', 'Normal day', '2026-01-03 17:40:00', '2026-01-03 17:40:00');

-- =============================================
-- LEAVE REQUESTS TABLE - SAMPLE DATA
-- =============================================
INSERT INTO leave_requests (id, employee_id, leave_type, start_date, end_date, number_of_days, reason, attachment_url, status, admin_remarks, approved_by, approved_at, created_at, updated_at)
VALUES 
-- Approved Requests
('dd0e8400-e29b-41d4-a716-446655440001', '880e8400-e29b-41d4-a716-446655440002', 'paid', '2025-12-22', '2025-12-26', 5, 'Annual holiday vacation', NULL, 'approved', 'Approved', '880e8400-e29b-41d4-a716-446655440001', '2025-12-15 14:30:00', '2025-12-15 10:00:00', '2025-12-15 14:30:00'),
('dd0e8400-e29b-41d4-a716-446655440002', '880e8400-e29b-41d4-a716-446655440003', 'sick', '2025-12-10', '2025-12-10', 1, 'Medical appointment', NULL, 'approved', 'Approved', '880e8400-e29b-41d4-a716-446655440001', '2025-12-09 11:00:00', '2025-12-09 09:30:00', '2025-12-09 11:00:00'),
('dd0e8400-e29b-41d4-a716-446655440003', '880e8400-e29b-41d4-a716-446655440005', 'paid', '2025-11-15', '2025-11-16', 2, 'Family event', NULL, 'approved', 'Approved', '880e8400-e29b-41d4-a716-446655440001', '2025-11-10 15:45:00', '2025-11-10 09:15:00', '2025-11-10 15:45:00'),

-- Pending Requests
('dd0e8400-e29b-41d4-a716-446655440004', '880e8400-e29b-41d4-a716-446655440002', 'paid', '2026-01-15', '2026-01-19', 5, 'Personal vacation', NULL, 'pending', NULL, NULL, NULL, '2026-01-03 08:30:00', '2026-01-03 08:30:00'),
('dd0e8400-e29b-41d4-a716-446655440005', '880e8400-e29b-41d4-a716-446655440005', 'paid', '2026-01-10', '2026-01-10', 1, 'Need to handle personal work', NULL, 'pending', NULL, NULL, NULL, '2026-01-03 10:15:00', '2026-01-03 10:15:00'),
('dd0e8400-e29b-41d4-a716-446655440006', '880e8400-e29b-41d4-a716-446655440007', 'sick', '2026-01-05', '2026-01-06', 2, 'Flu symptoms', NULL, 'pending', NULL, NULL, NULL, '2026-01-03 11:45:00', '2026-01-03 11:45:00'),

-- Rejected Requests
('dd0e8400-e29b-41d4-a716-446655440007', '880e8400-e29b-41d4-a716-446655440006', 'paid', '2025-12-29', '2025-12-31', 3, 'Extended holiday', NULL, 'rejected', 'Project deadline conflicts', '880e8400-e29b-41d4-a716-446655440001', '2025-12-20 16:00:00', '2025-12-20 13:00:00', '2025-12-20 16:00:00');

-- =============================================
-- SALARIES TABLE - SAMPLE DATA
-- =============================================
INSERT INTO salaries (id, employee_id, basic_pay, hra, allowances, pf_contribution, tax_deduction, gross_salary, net_salary, effective_from, effective_to, is_active, created_at, updated_at)
VALUES 
-- John Doe
('ee0e8400-e29b-41d4-a716-446655440001', '880e8400-e29b-41d4-a716-446655440002', 120000.00, 30000.00, 15000.00, 14400.00, 18600.00, 165000.00, 131000.00, '2024-06-01', NULL, TRUE, '2024-06-01 08:00:00', '2024-06-01 08:00:00'),

-- Jane Smith
('ee0e8400-e29b-41d4-a716-446655440002', '880e8400-e29b-41d4-a716-446655440003', 100000.00, 25000.00, 12000.00, 12000.00, 15000.00, 137000.00, 110000.00, '2024-08-20', NULL, TRUE, '2024-08-20 08:00:00', '2024-08-20 08:00:00'),

-- Michael Johnson
('ee0e8400-e29b-41d4-a716-446655440003', '880e8400-e29b-41d4-a716-446655440004', 70000.00, 17500.00, 8000.00, 8400.00, 10000.00, 95500.00, 76100.00, '2024-09-15', NULL, TRUE, '2024-09-15 08:00:00', '2024-09-15 08:00:00'),

-- Sarah Williams
('ee0e8400-e29b-41d4-a716-446655440004', '880e8400-e29b-41d4-a716-446655440005', 85000.00, 21250.00, 10000.00, 10200.00, 12800.00, 116250.00, 93250.00, '2024-03-01', NULL, TRUE, '2024-03-01 08:00:00', '2024-03-01 08:00:00'),

-- Robert Brown
('ee0e8400-e29b-41d4-a716-446655440005', '880e8400-e29b-41d4-a716-446655440006', 90000.00, 22500.00, 11000.00, 10800.00, 13700.00, 123500.00, 99000.00, '2023-12-01', NULL, TRUE, '2023-12-01 08:00:00', '2023-12-01 08:00:00'),

-- Emily Davis
('ee0e8400-e29b-41d4-a716-446655440006', '880e8400-e29b-41d4-a716-446655440007', 95000.00, 23750.00, 11500.00, 11400.00, 14500.00, 130250.00, 104350.00, '2024-01-20', NULL, TRUE, '2024-01-20 08:00:00', '2024-01-20 08:00:00');

-- =============================================
-- SALARY COMPONENTS TABLE - SAMPLE DATA
-- =============================================
INSERT INTO salary_components (id, salary_id, component_name, component_type, amount, created_at, updated_at)
VALUES 
-- John Doe's Salary Components
('ff0e8400-e29b-41d4-a716-446655440001', 'ee0e8400-e29b-41d4-a716-446655440001', 'Basic Pay', 'earning', 120000.00, '2024-06-01 08:00:00', '2024-06-01 08:00:00'),
('ff0e8400-e29b-41d4-a716-446655440002', 'ee0e8400-e29b-41d4-a716-446655440001', 'House Rent Allowance', 'earning', 30000.00, '2024-06-01 08:00:00', '2024-06-01 08:00:00'),
('ff0e8400-e29b-41d4-a716-446655440003', 'ee0e8400-e29b-41d4-a716-446655440001', 'Other Allowances', 'earning', 15000.00, '2024-06-01 08:00:00', '2024-06-01 08:00:00'),
('ff0e8400-e29b-41d4-a716-446655440004', 'ee0e8400-e29b-41d4-a716-446655440001', 'Provident Fund', 'deduction', 14400.00, '2024-06-01 08:00:00', '2024-06-01 08:00:00'),
('ff0e8400-e29b-41d4-a716-446655440005', 'ee0e8400-e29b-41d4-a716-446655440001', 'Income Tax', 'deduction', 18600.00, '2024-06-01 08:00:00', '2024-06-01 08:00:00'),

-- Jane Smith's Salary Components
('ff0e8400-e29b-41d4-a716-446655440006', 'ee0e8400-e29b-41d4-a716-446655440002', 'Basic Pay', 'earning', 100000.00, '2024-08-20 08:00:00', '2024-08-20 08:00:00'),
('ff0e8400-e29b-41d4-a716-446655440007', 'ee0e8400-e29b-41d4-a716-446655440002', 'House Rent Allowance', 'earning', 25000.00, '2024-08-20 08:00:00', '2024-08-20 08:00:00'),
('ff0e8400-e29b-41d4-a716-446655440008', 'ee0e8400-e29b-41d4-a716-446655440002', 'Other Allowances', 'earning', 12000.00, '2024-08-20 08:00:00', '2024-08-20 08:00:00'),
('ff0e8400-e29b-41d4-a716-446655440009', 'ee0e8400-e29b-41d4-a716-446655440002', 'Provident Fund', 'deduction', 12000.00, '2024-08-20 08:00:00', '2024-08-20 08:00:00'),
('ff0e8400-e29b-41d4-a716-446655440010', 'ee0e8400-e29b-41d4-a716-446655440002', 'Income Tax', 'deduction', 15000.00, '2024-08-20 08:00:00', '2024-08-20 08:00:00');

-- =============================================
-- AUDIT LOGS TABLE - SAMPLE DATA
-- =============================================
INSERT INTO audit_logs (id, user_id, action, entity_type, entity_id, old_values, new_values, ip_address, user_agent, created_at)
VALUES 
('gg0e8400-e29b-41d4-a716-446655440001', '550e8400-e29b-41d4-a716-446655440001', 'LOGIN', 'User', '550e8400-e29b-41d4-a716-446655440001', NULL, NULL, '192.168.1.100', 'Mozilla/5.0', '2026-01-03 10:30:00'),
('gg0e8400-e29b-41d4-a716-446655440002', '550e8400-e29b-41d4-a716-446655440001', 'APPROVE_LEAVE', 'LeaveRequest', 'dd0e8400-e29b-41d4-a716-446655440004', '{"status":"pending"}', '{"status":"approved"}', '192.168.1.100', 'Mozilla/5.0', '2026-01-03 11:15:00'),
('gg0e8400-e29b-41d4-a716-446655440003', '550e8400-e29b-41d4-a716-446655440002', 'UPDATE_PROFILE', 'Employee', '880e8400-e29b-41d4-a716-446655440002', '{"phone":"+91-9876543210"}', '{"phone":"+91-9876543211"}', '192.168.1.101', 'Mozilla/5.0', '2026-01-02 14:20:00'),
('gg0e8400-e29b-41d4-a716-446655440004', '550e8400-e29b-41d4-a716-446655440002', 'LOGIN', 'User', '550e8400-e29b-41d4-a716-446655440002', NULL, NULL, '192.168.1.101', 'Mozilla/5.0', '2026-01-03 09:15:00'),
('gg0e8400-e29b-41d4-a716-446655440005', '550e8400-e29b-41d4-a716-446655440001', 'ADD_EMPLOYEE', 'Employee', '880e8400-e29b-41d4-a716-446655440004', NULL, '{"employeeCode":"EMP003"}', '192.168.1.100', 'Mozilla/5.0', '2025-12-28 10:00:00');

-- =============================================
-- NOTES FOR DEVELOPERS
-- =============================================
-- Password Information:
-- All sample user passwords are hashed with bcrypt
-- Default password for all users: Password@123
-- Hash: $2a$10$LWwPGY4km2l6Z/0B8JSsTurDj26dmGB8FE0N5iu1mF7AmyRI22RFG
--
-- TEST ACCOUNTS:
-- Admin: admin@dayflow.com / Password@123
-- Employee 1: john.doe@dayflow.com / Password@123
-- Employee 2: jane.smith@dayflow.com / Password@123
-- Employee 3: michael.johnson@dayflow.com / Password@123
-- Employee 4: sarah.williams@dayflow.com / Password@123
-- Employee 5: robert.brown@dayflow.com / Password@123
-- Employee 6: emily.davis@dayflow.com / Password@123
--
-- =============================================
-- VERIFICATION QUERIES (For Testing)
-- =============================================
-- SELECT * FROM users WHERE role = 'employee' LIMIT 5;
-- SELECT * FROM employees e JOIN users u ON e.user_id = u.id LIMIT 5;
-- SELECT * FROM attendance WHERE employee_id IN (SELECT id FROM employees LIMIT 1);
-- SELECT * FROM leave_requests WHERE status = 'pending';
-- SELECT e.employee_code, CONCAT(e.first_name, ' ', e.last_name), lb.remaining 
--   FROM leave_balances lb 
--   JOIN employees e ON lb.employee_id = e.id 
--   WHERE lb.year = 2026 AND lb.leave_type = 'paid';

-- =============================================
-- END OF SAMPLE DATA
-- =============================================
